{
  "1": {
    "accuracy": 14,
    "ally_life": 15,
    "armour": 22,
    "evasion": 67,
    "life": 22,
    "physical_damage": 4.989999771118164
  },
  "10": {
    "accuracy": 23,
    "ally_life": 35,
    "armour": 78,
    "evasion": 259,
    "life": 78,
    "physical_damage": 11.619999885559082
  },
  "100": {
    "accuracy": 980,
    "ally_life": 6916,
    "armour": 41817,
    "evasion": 13445,
    "life": 41817,
    "physical_damage": 1758.1700439453125
  },
  "11": {
    "accuracy": 24,
    "ally_life": 38,
    "armour": 87,
    "evasion": 285,
    "life": 87,
    "physical_damage": 12.600000381469727
  },
  "12": {
    "accuracy": 25,
    "ally_life": 41,
    "armour": 97,
    "evasion": 311,
    "life": 97,
    "physical_damage": 13.640000343322754
  },
  "13": {
    "accuracy": 26,
    "ally_life": 44,
    "armour": 107,
    "evasion": 339,
    "life": 107,
    "physical_damage": 14.739999771118164
  },
  "14": {
    "accuracy": 28,
    "ally_life": 48,
    "armour": 119,
    "evasion": 368,
    "life": 119,
    "physical_damage": 15.90999984741211
  },
  "15": {
    "accuracy": 29,
    "ally_life": 52,
    "armour": 131,
    "evasion": 397,
    "life": 131,
    "physical_damage": 17.139999389648438
  },
  "16": {
    "accuracy": 31,
    "ally_life": 56,
    "armour": 144,
    "evasion": 428,
    "life": 144,
    "physical_damage": 18.450000762939453
  },
  "17": {
    "accuracy": 32,
    "ally_life": 60,
    "armour": 158,
    "evasion": 460,
    "life": 158,
    "physical_damage": 19.829999923706055
  },
  "18": {
    "accuracy": 34,
    "ally_life": 65,
    "armour": 173,
    "evasion": 493,
    "life": 173,
    "physical_damage": 21.290000915527344
  },
  "19": {
    "accuracy": 35,
    "ally_life": 70,
    "armour": 190,
    "evasion": 527,
    "life": 190,
    "physical_damage": 22.84000015258789
  },
  "2": {
    "accuracy": 15,
    "ally_life": 16,
    "armour": 26,
    "evasion": 86,
    "life": 26,
    "physical_damage": 5.559999942779541
  },
  "20": {
    "accuracy": 37,
    "ally_life": 75,
    "armour": 207,
    "evasion": 563,
    "life": 207,
    "physical_damage": 24.469999313354492
  },
  "21": {
    "accuracy": 39,
    "ally_life": 81,
    "armour": 226,
    "evasion": 600,
    "life": 226,
    "physical_damage": 26.190000534057617
  },
  "22": {
    "accuracy": 41,
    "ally_life": 87,
    "armour": 246,
    "evasion": 638,
    "life": 246,
    "physical_damage": 28.010000228881836
  },
  "23": {
    "accuracy": 43,
    "ally_life": 93,
    "armour": 267,
    "evasion": 677,
    "life": 267,
    "physical_damage": 29.940000534057617
  },
  "24": {
    "accuracy": 45,
    "ally_life": 99,
    "armour": 290,
    "evasion": 718,
    "life": 290,
    "physical_damage": 31.959999084472656
  },
  "25": {
    "accuracy": 47,
    "ally_life": 106,
    "armour": 315,
    "evasion": 760,
    "life": 315,
    "physical_damage": 34.11000061035156
  },
  "26": {
    "accuracy": 49,
    "ally_life": 114,
    "armour": 341,
    "evasion": 804,
    "life": 341,
    "physical_damage": 36.36000061035156
  },
  "27": {
    "accuracy": 52,
    "ally_life": 121,
    "armour": 370,
    "evasion": 849,
    "life": 370,
    "physical_damage": 38.75
  },
  "28": {
    "accuracy": 54,
    "ally_life": 130,
    "armour": 400,
    "evasion": 896,
    "life": 400,
    "physical_damage": 41.2599983215332
  },
  "29": {
    "accuracy": 57,
    "ally_life": 138,
    "armour": 432,
    "evasion": 944,
    "life": 432,
    "physical_damage": 43.90999984741211
  },
  "3": {
    "accuracy": 15,
    "ally_life": 18,
    "armour": 31,
    "evasion": 104,
    "life": 31,
    "physical_damage": 6.159999847412109
  },
  "30": {
    "accuracy": 59,
    "ally_life": 148,
    "armour": 467,
    "evasion": 994,
    "life": 467,
    "physical_damage": 46.70000076293945
  },
  "31": {
    "accuracy": 62,
    "ally_life": 158,
    "armour": 504,
    "evasion": 1046,
    "life": 504,
    "physical_damage": 49.650001525878906
  },
  "32": {
    "accuracy": 65,
    "ally_life": 168,
    "armour": 543,
    "evasion": 1100,
    "life": 543,
    "physical_damage": 52.75
  },
  "33": {
    "accuracy": 68,
    "ally_life": 179,
    "armour": 585,
    "evasion": 1155,
    "life": 585,
    "physical_damage": 56.0099983215332
  },
  "34": {
    "accuracy": 71,
    "ally_life": 190,
    "armour": 630,
    "evasion": 1212,
    "life": 630,
    "physical_damage": 59.45000076293945
  },
  "35": {
    "accuracy": 74,
    "ally_life": 203,
    "armour": 678,
    "evasion": 1271,
    "life": 678,
    "physical_damage": 63.08000183105469
  },
  "36": {
    "accuracy": 77,
    "ally_life": 215,
    "armour": 730,
    "evasion": 1332,
    "life": 730,
    "physical_damage": 66.88999938964844
  },
  "37": {
    "accuracy": 81,
    "ally_life": 229,
    "armour": 785,
    "evasion": 1395,
    "life": 785,
    "physical_damage": 70.91000366210938
  },
  "38": {
    "accuracy": 84,
    "ally_life": 244,
    "armour": 843,
    "evasion": 1460,
    "life": 843,
    "physical_damage": 75.12999725341797
  },
  "39": {
    "accuracy": 88,
    "ally_life": 259,
    "armour": 905,
    "evasion": 1528,
    "life": 905,
    "physical_damage": 79.58000183105469
  },
  "4": {
    "accuracy": 16,
    "ally_life": 20,
    "armour": 36,
    "evasion": 124,
    "life": 36,
    "physical_damage": 6.809999942779541
  },
  "40": {
    "accuracy": 92,
    "ally_life": 275,
    "armour": 972,
    "evasion": 1597,
    "life": 972,
    "physical_damage": 84.26000213623047
  },
  "41": {
    "accuracy": 96,
    "ally_life": 292,
    "armour": 1042,
    "evasion": 1669,
    "life": 1042,
    "physical_damage": 89.18000030517578
  },
  "42": {
    "accuracy": 100,
    "ally_life": 310,
    "armour": 1118,
    "evasion": 1743,
    "life": 1118,
    "physical_damage": 94.3499984741211
  },
  "43": {
    "accuracy": 105,
    "ally_life": 328,
    "armour": 1198,
    "evasion": 1819,
    "life": 1198,
    "physical_damage": 99.80000305175781
  },
  "44": {
    "accuracy": 109,
    "ally_life": 348,
    "armour": 1284,
    "evasion": 1898,
    "life": 1284,
    "physical_damage": 105.5199966430664
  },
  "45": {
    "accuracy": 114,
    "ally_life": 369,
    "armour": 1375,
    "evasion": 1979,
    "life": 1375,
    "physical_damage": 111.52999877929688
  },
  "46": {
    "accuracy": 119,
    "ally_life": 392,
    "armour": 1472,
    "evasion": 2063,
    "life": 1472,
    "physical_damage": 117.86000061035156
  },
  "47": {
    "accuracy": 124,
    "ally_life": 415,
    "armour": 1575,
    "evasion": 2150,
    "life": 1575,
    "physical_damage": 124.5
  },
  "48": {
    "accuracy": 129,
    "ally_life": 440,
    "armour": 1685,
    "evasion": 2239,
    "life": 1685,
    "physical_damage": 131.49000549316406
  },
  "49": {
    "accuracy": 135,
    "ally_life": 465,
    "armour": 1802,
    "evasion": 2331,
    "life": 1802,
    "physical_damage": 138.8300018310547
  },
  "5": {
    "accuracy": 17,
    "ally_life": 22,
    "armour": 42,
    "evasion": 144,
    "life": 42,
    "physical_damage": 7.5
  },
  "50": {
    "accuracy": 140,
    "ally_life": 493,
    "armour": 1927,
    "evasion": 2426,
    "life": 1927,
    "physical_damage": 146.52999877929688
  },
  "51": {
    "accuracy": 146,
    "ally_life": 522,
    "armour": 2059,
    "evasion": 2524,
    "life": 2059,
    "physical_damage": 154.6300048828125
  },
  "52": {
    "accuracy": 152,
    "ally_life": 552,
    "armour": 2200,
    "evasion": 2626,
    "life": 2200,
    "physical_damage": 163.13999938964844
  },
  "53": {
    "accuracy": 159,
    "ally_life": 584,
    "armour": 2350,
    "evasion": 2730,
    "life": 2350,
    "physical_damage": 172.07000732421875
  },
  "54": {
    "accuracy": 165,
    "ally_life": 618,
    "armour": 2509,
    "evasion": 2837,
    "life": 2509,
    "physical_damage": 181.4499969482422
  },
  "55": {
    "accuracy": 172,
    "ally_life": 653,
    "armour": 2678,
    "evasion": 2948,
    "life": 2678,